{
  "siswa": [
    {
      "nis": "001",
      "nama": "Ahmad Ridho",
      "kelas": "X-A",
      "email": "ahmad@school.com",
      "telepon": "081234567890"
    },
    {
      "nis": "002",
      "nama": "Siti Nurhaliza",
      "kelas": "X-A",
      "email": "siti@school.com",
      "telepon": "081234567891"
    }
  ],
  "guru": [
    {
      "nip": "101",
      "nama": "Budi Santoso",
      "mataPelajaran": "Matematika",
      "email": "budi@school.com",
      "telepon": "081234567892"
    },
    {
      "nip": "102",
      "nama": "Ani Wijaya",
      "mataPelajaran": "Bahasa Indonesia",
      "email": "ani@school.com",
      "telepon": "081234567893"
    }
  ],
  "kelas": [
    {
      "nama": "X-A",
      "waliKelas": "Budi Santoso",
      "kapasitas": "35",
      "ruangan": "101"
    },
    {
      "nama": "X-B",
      "waliKelas": "Ani Wijaya",
      "kapasitas": "35",
      "ruangan": "102"
    }
  ],
  "absensi": [],
  "nilai": [],
  "jadwal": [
    {
      "hari": "Senin",
      "jam": "07:00",
      "mataPelajaran": "Matematika",
      "guru": "Budi Santoso",
      "ruangan": "101",
      "kelas": "X-A"
    }
  ]
}
